{"cameraMode":{"drawMode":0,"name":"Shaded","section":"Shading Mode"},"sceneLighting":false,"audioPlay":false,"sceneViewState":{"showFog":true,"showMaterialUpdate":false,"showSkybox":true,"showFlares":true,"showImageEffects":true,"showParticleSystems":true},"in2DMode":false,"pivot":{"x":-0.6740686893463135,"y":-2.9520368576049806,"z":2.1399917602539064},"rotation":{"x":-0.042729735374450687,"y":0.9100027680397034,"z":-0.40082672238349917,"w":-0.09701110422611237},"size":9.209372520446778,"orthographic":false}